id,treatment
2236,FALSE
765,FALSE
2569,FALSE
14160,FALSE
15471,FALSE
2926,FALSE
1322,TRUE
1711,FALSE
2883,FALSE
17024,FALSE
751,FALSE
21205,TRUE
2406,FALSE
2774,FALSE
12713,TRUE
563,FALSE
9687,FALSE
13878,TRUE
2896,FALSE
993,TRUE
17184,TRUE
12979,FALSE
2761,FALSE
2284,FALSE
2257,TRUE
21078,TRUE
14662,FALSE
18112,FALSE
1904,FALSE
18279,FALSE
938,TRUE
1302,FALSE
14671,FALSE
17872,FALSE
10353,FALSE
2039,FALSE
16157,FALSE
22730,TRUE
15160,FALSE
125,TRUE
3024,FALSE
1726,TRUE
17532,FALSE
2916,FALSE
493,FALSE
674,FALSE
17208,TRUE
22655,FALSE
13,FALSE
20542,TRUE
2892,TRUE
19244,TRUE
1993,FALSE
708,FALSE
23752,FALSE
23006,FALSE
2739,FALSE
9965,TRUE
1232,FALSE
2392,FALSE
18351,TRUE
2475,FALSE
15770,FALSE
2389,TRUE
2707,FALSE
868,NA
400,FALSE
470,FALSE
2053,TRUE
1363,FALSE
503,FALSE
15817,FALSE
19710,FALSE
22582,TRUE
2628,FALSE
1222,FALSE
624,FALSE
1097,FALSE
18447,FALSE
2659,TRUE
17669,FALSE
1757,FALSE
14089,FALSE
18616,FALSE
11347,TRUE
2312,TRUE
3133,FALSE
19665,TRUE
2746,FALSE
15336,FALSE
1946,FALSE
2010,TRUE
15412,FALSE
19230,FALSE
2642,FALSE
1167,FALSE
421,FALSE
1910,FALSE
16349,FALSE
19429,TRUE
1449,FALSE
2607,FALSE
17190,FALSE
20592,FALSE
16132,FALSE
22726,FALSE
19229,FALSE
2899,FALSE
1936,TRUE
20078,TRUE
1774,FALSE
2750,TRUE
28,TRUE
692,FALSE
9895,FALSE
10363,FALSE
9826,FALSE
1398,TRUE
20169,FALSE
1027,TRUE
23311,FALSE
21281,FALSE
23786,FALSE
1808,FALSE
20276,FALSE
2243,FALSE
18272,FALSE
2034,FALSE
14159,FALSE
18684,TRUE
10442,TRUE
22687,FALSE
2847,TRUE
23678,FALSE
9959,FALSE
10799,TRUE
1691,FALSE
130,FALSE
19028,FALSE
21046,FALSE
491,TRUE
2565,FALSE
12246,TRUE
22883,TRUE
24079,TRUE
800,FALSE
1421,FALSE
2983,FALSE
14557,FALSE
23962,FALSE
19498,FALSE
2360,FALSE
1518,FALSE
1487,FALSE
1424,FALSE
1935,FALSE
15926,TRUE
22927,FALSE
459,FALSE
22142,FALSE
12663,TRUE
17728,FALSE
180,FALSE
21027,FALSE
10218,TRUE
1890,TRUE
1621,TRUE
19263,FALSE
2724,FALSE
1589,TRUE
1941,FALSE
1697,FALSE
9678,FALSE
13498,TRUE
2693,FALSE
2029,FALSE
23001,FALSE
3112,FALSE
15183,FALSE
654,FALSE
2166,FALSE
485,FALSE
87,FALSE
2755,TRUE
477,FALSE
1461,FALSE
774,FALSE
10506,FALSE
2087,TRUE
1949,FALSE
2476,FALSE
1405,FALSE
20229,FALSE
712,FALSE
1441,TRUE
1109,TRUE
15089,FALSE
16780,FALSE
2851,FALSE
15667,TRUE
1372,TRUE
17815,TRUE
12980,FALSE
23906,FALSE
23427,FALSE
2975,FALSE
121,TRUE
1566,TRUE
2057,FALSE
24293,FALSE
1385,TRUE
50,FALSE
265,FALSE
228,FALSE
20269,FALSE
16460,FALSE
10272,TRUE
21843,FALSE
20274,TRUE
3019,TRUE
2195,FALSE
19526,TRUE
23454,FALSE
14228,FALSE
22552,TRUE
348,TRUE
17397,FALSE
476,FALSE
12550,FALSE
20968,TRUE
2842,FALSE
13424,FALSE
14617,TRUE
440,TRUE
2701,TRUE
2421,FALSE
1182,TRUE
2250,FALSE
1744,TRUE
1329,FALSE
14117,TRUE
23115,FALSE
11216,TRUE
16954,TRUE
1866,TRUE
1971,FALSE
14218,FALSE
992,FALSE
12398,TRUE
21120,FALSE
20757,FALSE
2771,FALSE
13451,TRUE
21204,FALSE
2209,TRUE
15292,TRUE
20682,TRUE
19934,TRUE
14456,FALSE
12449,FALSE
233,FALSE
17961,FALSE
19364,FALSE
17530,FALSE
2181,FALSE
10492,FALSE
876,FALSE
24057,TRUE
14009,TRUE
17574,TRUE
574,FALSE
2881,FALSE
576,TRUE
1730,TRUE
15113,FALSE
292,FALSE
2277,TRUE
1340,FALSE
3014,TRUE
19495,FALSE
959,FALSE
11474,TRUE
13427,TRUE
2733,TRUE
1414,TRUE
251,FALSE
20866,TRUE
2928,TRUE
2323,TRUE
832,FALSE
1632,FALSE
12942,TRUE
19597,TRUE
1763,FALSE
23236,TRUE
849,FALSE
11195,FALSE
2163,FALSE
17752,FALSE
11354,TRUE
11173,FALSE
10926,FALSE
619,TRUE
16439,TRUE
18162,FALSE
80,FALSE
1614,FALSE
958,TRUE
10982,FALSE
15301,TRUE
1571,FALSE
2606,FALSE
67,FALSE
13884,TRUE
1514,TRUE
1972,FALSE
1545,FALSE
16843,TRUE
225,TRUE
1243,FALSE
557,FALSE
10694,FALSE
15059,TRUE
2205,FALSE
1314,TRUE
1311,FALSE
12068,FALSE
543,FALSE
331,TRUE
2901,FALSE
11724,FALSE
2086,FALSE
1797,TRUE
13414,FALSE
17910,FALSE
2069,FALSE
1860,TRUE
2443,TRUE
9958,TRUE
2153,FALSE
16450,TRUE
14791,FALSE
16142,FALSE
23718,TRUE
20666,FALSE
20448,TRUE
2708,TRUE
15921,TRUE
1499,TRUE
206,TRUE
2804,FALSE
1623,FALSE
1056,FALSE
14687,FALSE
66,FALSE
781,FALSE
17935,FALSE
1951,TRUE
21597,FALSE
2735,FALSE
2404,TRUE
23415,FALSE
1700,FALSE
2807,FALSE
11918,FALSE
219,FALSE
558,FALSE
15106,TRUE
720,FALSE
17433,NA
21256,TRUE
13622,FALSE
3111,FALSE
2943,TRUE
15465,FALSE
19085,FALSE
17561,FALSE
1982,FALSE
767,FALSE
14,FALSE
9582,TRUE
401,FALSE
2610,TRUE
468,FALSE
18037,TRUE
15691,FALSE
144,FALSE
21184,TRUE
3043,TRUE
3039,TRUE
1175,FALSE
16922,TRUE
13192,FALSE
1495,FALSE
2844,TRUE
1933,TRUE
14900,FALSE
10783,FALSE
22567,FALSE
928,FALSE
2101,FALSE
1294,FALSE
2777,TRUE
21141,FALSE
799,TRUE
1689,FALSE
20623,TRUE
13532,TRUE
1145,FALSE
22016,TRUE
1775,FALSE
18693,FALSE
18983,TRUE
14259,TRUE
18007,TRUE
1075,FALSE
2418,FALSE
2410,FALSE
2431,TRUE
14277,FALSE
2191,FALSE
18560,FALSE
14751,FALSE
1092,TRUE
2071,FALSE
983,FALSE
21641,FALSE
971,TRUE
1227,FALSE
1014,FALSE
1834,FALSE
549,TRUE
10110,TRUE
2378,FALSE
1512,FALSE
2605,TRUE
1570,FALSE
12952,TRUE
19353,TRUE
9703,FALSE
17573,FALSE
17620,FALSE
20924,FALSE
18642,TRUE
10742,FALSE
13575,FALSE
34,FALSE
1274,FALSE
2891,FALSE
13984,FALSE
1207,TRUE
2333,FALSE
2676,FALSE
138,FALSE
15220,FALSE
11217,FALSE
2320,FALSE
11630,TRUE
23856,TRUE
15507,TRUE
117,TRUE
2905,FALSE
21826,FALSE
2164,FALSE
2085,FALSE
990,TRUE
15545,TRUE
24034,FALSE
1930,FALSE
10045,TRUE
3062,FALSE
23275,FALSE
2516,FALSE
120,FALSE
1628,TRUE
1373,FALSE
1751,FALSE
12527,FALSE
23512,TRUE
15100,TRUE
12907,TRUE
132,TRUE
3071,FALSE
24207,FALSE
535,FALSE
2577,FALSE
1063,FALSE
1070,FALSE
20308,FALSE
18615,TRUE
48,FALSE
3065,FALSE
1582,FALSE
22386,FALSE
23111,FALSE
11484,TRUE
746,FALSE
23957,FALSE
17544,FALSE
18736,FALSE
20038,TRUE
2204,FALSE
15821,FALSE
10229,FALSE
15316,FALSE
9588,TRUE
12625,TRUE
13867,TRUE
976,FALSE
18769,TRUE
2004,FALSE
21174,FALSE
2459,TRUE
17136,TRUE
13415,TRUE
11246,TRUE
10466,TRUE
1894,TRUE
15751,FALSE
22477,FALSE
2380,TRUE
24095,TRUE
2518,FALSE
17873,TRUE
10573,TRUE
12801,TRUE
23332,FALSE
899,FALSE
110,FALSE
1681,FALSE
16109,FALSE
18646,FALSE
17903,FALSE
16446,FALSE
12664,TRUE
21298,FALSE
84,TRUE
18390,TRUE
2488,FALSE
58,TRUE
2858,TRUE
780,FALSE
15608,FALSE
16028,TRUE
89,TRUE
1259,TRUE
13941,FALSE
1800,FALSE
14163,FALSE
16838,FALSE
1282,TRUE
19627,FALSE
768,FALSE
2436,FALSE
16135,FALSE
1759,FALSE
24063,FALSE
9727,FALSE
11585,TRUE
1663,TRUE
572,FALSE
16240,FALSE
2468,FALSE
13356,FALSE
13630,FALSE
250,TRUE
18610,TRUE
14225,FALSE
21834,FALSE
12695,FALSE
762,TRUE
614,FALSE
11642,TRUE
22308,FALSE
19553,FALSE
21081,FALSE
1286,TRUE
22439,FALSE
19696,FALSE
14634,TRUE
16119,FALSE
3099,FALSE
9609,FALSE
18675,FALSE
1634,FALSE
195,FALSE
1278,TRUE
18549,FALSE
16868,FALSE
15146,TRUE
10709,FALSE
23301,FALSE
1927,FALSE
657,FALSE
416,FALSE
2827,FALSE
512,FALSE
328,FALSE
1861,TRUE
14297,FALSE
2393,FALSE
23368,FALSE
9713,TRUE
109,FALSE
24302,FALSE
1567,FALSE
11491,FALSE
21626,FALSE
14252,FALSE
19565,TRUE
23341,FALSE
1432,FALSE
3130,FALSE
70,FALSE
2161,FALSE
22067,TRUE
14156,TRUE
21279,TRUE
554,FALSE
19796,TRUE
865,TRUE
2704,FALSE
20693,TRUE
2175,FALSE
1765,FALSE
349,FALSE
505,FALSE
2042,FALSE
937,FALSE
20575,FALSE
23285,FALSE
2727,FALSE
23446,FALSE
2918,FALSE
11907,FALSE
15726,FALSE
2427,FALSE
267,TRUE
156,FALSE
19884,FALSE
21322,TRUE
15287,FALSE
14205,TRUE
20217,FALSE
14701,FALSE
1389,FALSE
13507,TRUE
1210,FALSE
2690,FALSE
734,TRUE
60,FALSE
1814,FALSE
399,TRUE
1273,TRUE
925,FALSE
947,TRUE
1633,TRUE
866,TRUE
3113,FALSE
2461,FALSE
1862,FALSE
15352,FALSE
3059,FALSE
19456,FALSE
1186,FALSE
18872,FALSE
12802,FALSE
2348,FALSE
12149,FALSE
2838,FALSE
21332,TRUE
1135,FALSE
9665,FALSE
660,FALSE
460,FALSE
1606,FALSE
845,FALSE
2996,FALSE
1140,FALSE
19020,TRUE
1313,FALSE
2576,FALSE
1587,FALSE
15845,FALSE
342,FALSE
465,TRUE
1293,FALSE
2866,FALSE
1119,TRUE
14974,FALSE
666,FALSE
16667,FALSE
608,FALSE
3022,FALSE
2036,TRUE
1016,TRUE
23117,FALSE
1696,FALSE
13031,FALSE
15618,TRUE
12698,FALSE
21150,FALSE
22444,FALSE
19827,FALSE
13563,TRUE
2665,TRUE
21613,FALSE
281,FALSE
2559,FALSE
162,FALSE
1897,FALSE
2045,TRUE
23890,TRUE
16810,FALSE
21449,FALSE
1342,FALSE
1813,FALSE
11421,FALSE
16865,TRUE
18305,FALSE
20243,TRUE
2869,FALSE
931,FALSE
1164,FALSE
1118,TRUE
1596,FALSE
16805,FALSE
1704,FALSE
2635,TRUE
18010,FALSE
19714,TRUE
296,TRUE
582,TRUE
18430,FALSE
11544,TRUE
12088,FALSE
2429,FALSE
10720,TRUE
1102,TRUE
16613,FALSE
1847,FALSE
18451,FALSE
18253,TRUE
426,FALSE
18700,FALSE
15933,FALSE
18949,FALSE
21013,TRUE
2945,FALSE
402,TRUE
14111,FALSE
1817,FALSE
19060,TRUE
2849,FALSE
19414,FALSE
3086,TRUE
2179,FALSE
14771,FALSE
475,TRUE
1932,FALSE
13992,FALSE
19732,FALSE
895,FALSE
1622,TRUE
243,FALSE
2590,TRUE
1077,FALSE
22865,FALSE
23528,FALSE
16,FALSE
2834,FALSE
17619,FALSE
9652,FALSE
19775,FALSE
1670,FALSE
21898,FALSE
19867,FALSE
2596,TRUE
23078,FALSE
108,TRUE
18155,FALSE
15074,FALSE
22605,TRUE
1364,FALSE
2030,FALSE
1852,FALSE
3110,FALSE
72,FALSE
1715,TRUE
368,FALSE
551,TRUE
16596,FALSE
325,TRUE
23297,FALSE
11440,FALSE
23464,TRUE
19155,TRUE
1247,FALSE
2263,FALSE
20739,FALSE
10651,TRUE
3025,FALSE
685,FALSE
2728,FALSE
15371,FALSE
15564,FALSE
15261,TRUE
16603,FALSE
2158,TRUE
14039,TRUE
9882,TRUE
1579,FALSE
14071,FALSE
1839,TRUE
1407,FALSE
335,TRUE
10959,FALSE
10187,FALSE
23866,TRUE
14248,FALSE
1139,TRUE
1090,TRUE
2921,TRUE
2363,FALSE
728,FALSE
2235,FALSE
514,FALSE
24174,FALSE
602,FALSE
19377,FALSE
21764,FALSE
15664,FALSE
652,FALSE
1690,FALSE
15909,TRUE
2150,FALSE
17621,FALSE
2219,FALSE
1905,FALSE
1451,TRUE
10463,FALSE
12846,FALSE
2536,FALSE
14740,FALSE
3085,FALSE
13789,TRUE
252,FALSE
1196,TRUE
19437,TRUE
14012,FALSE
14427,FALSE
1771,TRUE
20713,FALSE
16006,FALSE
17791,TRUE
892,TRUE
1214,FALSE
15696,FALSE
21270,TRUE
699,TRUE
3041,TRUE
22115,TRUE
218,FALSE
15230,FALSE
17351,FALSE
14476,TRUE
15098,TRUE
963,TRUE
12297,TRUE
23216,TRUE
2795,FALSE
2640,FALSE
1551,FALSE
22029,FALSE
1345,TRUE
18286,TRUE
213,FALSE
17367,TRUE
11221,TRUE
12760,FALSE
2073,FALSE
1980,FALSE
23834,FALSE
1392,FALSE
1643,FALSE
1987,TRUE
2474,FALSE
854,FALSE
20136,TRUE
2980,FALSE
829,FALSE
21713,FALSE
16274,FALSE
18459,FALSE
11327,TRUE
17779,TRUE
16826,FALSE
9833,FALSE
16556,FALSE
191,FALSE
23503,TRUE
2465,FALSE
2068,FALSE
1500,FALSE
2450,FALSE
1465,FALSE
20058,TRUE
2935,FALSE
15116,TRUE
1841,FALSE
9638,TRUE
20612,FALSE
1234,TRUE
14005,FALSE
1142,FALSE
2651,FALSE
22445,FALSE
569,FALSE
18498,FALSE
1714,FALSE
23244,TRUE
18349,TRUE
313,FALSE
2111,FALSE
2829,FALSE
1559,TRUE
21913,TRUE
2599,FALSE
12162,TRUE
2123,TRUE
411,FALSE
13894,FALSE
10085,FALSE
766,TRUE
1265,TRUE
11219,TRUE
15524,TRUE
12326,TRUE
11377,FALSE
2294,TRUE
11851,FALSE
13966,FALSE
23004,FALSE
2224,FALSE
13729,FALSE
23682,TRUE
23107,FALSE
11513,TRUE
11417,FALSE
600,FALSE
9827,FALSE
23855,FALSE
21397,FALSE
1602,FALSE
19102,FALSE
14970,FALSE
21804,FALSE
22030,FALSE
1231,FALSE
1901,TRUE
21815,FALSE
1535,TRUE
20418,TRUE
355,TRUE
2504,FALSE
2718,FALSE
18988,FALSE
13711,FALSE
1534,FALSE
18035,FALSE
2550,FALSE
16567,TRUE
21074,TRUE
20227,FALSE
17243,FALSE
16104,FALSE
10749,TRUE
20763,FALSE
1820,FALSE
801,TRUE
20722,FALSE
1740,FALSE
944,FALSE
10304,FALSE
171,TRUE
11242,TRUE
18879,FALSE
15804,TRUE
406,TRUE
3011,FALSE
17197,FALSE
14860,TRUE
2472,TRUE
19651,FALSE
11986,FALSE
23805,FALSE
1975,FALSE
2136,TRUE
17102,FALSE
18628,FALSE
13514,FALSE
133,TRUE
22624,TRUE
1084,FALSE
1880,FALSE
22866,TRUE
1588,TRUE
19032,TRUE
10361,FALSE
21387,FALSE
256,FALSE
739,TRUE
21214,FALSE
446,FALSE
2514,FALSE
13945,TRUE
625,FALSE
23565,FALSE
883,TRUE
107,FALSE
23969,TRUE
23342,FALSE
21443,FALSE
494,FALSE
12787,FALSE
10112,TRUE
823,FALSE
332,TRUE
17402,FALSE
2884,FALSE
17194,FALSE
15213,TRUE
16360,FALSE
11590,FALSE
1073,FALSE
20382,TRUE
23872,TRUE
15437,TRUE
2266,TRUE
16183,FALSE
3040,FALSE
47,FALSE
542,TRUE
11329,TRUE
13302,FALSE
14613,FALSE
16393,FALSE
14066,FALSE
19151,TRUE
1833,FALSE
437,FALSE
15441,FALSE
1682,FALSE
11875,FALSE
818,FALSE
17371,TRUE
2091,TRUE
2249,FALSE
15166,FALSE
1843,FALSE
1845,FALSE
17437,FALSE
19278,FALSE
11355,TRUE
13975,FALSE
835,FALSE
17179,FALSE
10675,TRUE
2501,TRUE
3095,FALSE
231,TRUE
17881,FALSE
11350,FALSE
15781,FALSE
2811,TRUE
2167,FALSE
11160,TRUE
2227,FALSE
16729,TRUE
97,FALSE
23398,FALSE
986,TRUE
20377,FALSE
560,TRUE
3125,TRUE
2914,FALSE
2458,TRUE
1218,FALSE
24284,FALSE
13023,TRUE
445,TRUE
1199,FALSE
909,FALSE
539,FALSE
19713,FALSE
254,FALSE
12968,TRUE
1965,FALSE
1221,FALSE
482,TRUE
847,FALSE
1021,TRUE
22736,FALSE
23355,FALSE
578,FALSE
1017,TRUE
1452,FALSE
359,TRUE
2677,TRUE
997,FALSE
16041,FALSE
190,TRUE
1825,TRUE
16756,TRUE
1758,TRUE
761,FALSE
1233,FALSE
12122,FALSE
19859,TRUE
2509,FALSE
12884,FALSE
23567,FALSE
810,FALSE
10008,TRUE
2625,TRUE
16972,FALSE
10940,FALSE
10719,FALSE
1279,TRUE
1647,TRUE
20509,TRUE
2423,TRUE
22301,TRUE
10335,TRUE
811,FALSE
1520,FALSE
1099,TRUE
23597,FALSE
301,FALSE
776,FALSE
16334,FALSE
1310,TRUE
1481,TRUE
2889,TRUE
1557,FALSE
2535,TRUE
12368,FALSE
23937,FALSE
22563,FALSE
14773,FALSE
1738,TRUE
23770,TRUE
2716,TRUE
2754,FALSE
12346,FALSE
2598,FALSE
10060,FALSE
12427,FALSE
2783,FALSE
2190,TRUE
19938,TRUE
21000,FALSE
2963,FALSE
2813,FALSE
21167,FALSE
18721,TRUE
1785,TRUE
22193,FALSE
18894,FALSE
21272,TRUE
19323,FALSE
1166,FALSE
9901,FALSE
217,TRUE
612,TRUE
10120,FALSE
10583,TRUE
2600,FALSE
1154,FALSE
2105,TRUE
10966,FALSE
985,FALSE
2995,FALSE
384,FALSE
2337,FALSE
3057,FALSE
738,FALSE
2876,FALSE
15306,TRUE
1854,FALSE
11713,FALSE
16679,FALSE
1881,FALSE
2527,FALSE
1325,TRUE
20696,FALSE
19218,FALSE
1423,FALSE
2800,FALSE
916,FALSE
13573,FALSE
522,FALSE
846,TRUE
22127,TRUE
17138,TRUE
10317,FALSE
991,FALSE
57,FALSE
2469,FALSE
2316,FALSE
3103,FALSE
93,FALSE
431,FALSE
11006,FALSE
2067,FALSE
10017,FALSE
15824,FALSE
20047,FALSE
11425,FALSE
11307,FALSE
21852,TRUE
23773,FALSE
855,TRUE
14762,FALSE
2948,TRUE
15697,FALSE
1349,FALSE
19904,FALSE
18303,TRUE
433,TRUE
14965,FALSE
18321,FALSE
1724,TRUE
2359,FALSE
229,TRUE
23040,FALSE
879,FALSE
23152,FALSE
2445,TRUE
1502,FALSE
1701,FALSE
10865,FALSE
2379,FALSE
12405,FALSE
1592,TRUE
483,TRUE
17992,FALSE
926,FALSE
13518,FALSE
14492,FALSE
13258,TRUE
2180,FALSE
2287,FALSE
10512,FALSE
1240,FALSE
2765,FALSE
2998,FALSE
23767,FALSE
18482,FALSE
129,FALSE
1308,TRUE
1906,FALSE
2864,FALSE
2555,FALSE
147,FALSE
13837,FALSE
1526,FALSE
3048,FALSE
2528,FALSE
13790,TRUE
745,TRUE
24211,FALSE
22654,FALSE
1840,TRUE
177,TRUE
1176,TRUE
9849,FALSE
1892,FALSE
397,FALSE
9567,FALSE
2395,TRUE
3120,TRUE
11797,FALSE
843,FALSE
21685,FALSE
14668,TRUE
19103,FALSE
17405,FALSE
10131,FALSE
15860,TRUE
13580,FALSE
23070,FALSE
15783,FALSE
18407,TRUE
595,FALSE
20019,FALSE
20835,FALSE
1584,TRUE
20510,TRUE
14488,FALSE
13351,TRUE
10209,TRUE
23974,FALSE
21474,TRUE
1072,TRUE
2159,TRUE
12153,FALSE
1575,FALSE
253,FALSE
20870,FALSE
14338,FALSE
2524,FALSE
15236,TRUE
22133,FALSE
193,FALSE
3127,TRUE
2215,TRUE
1104,TRUE
1615,FALSE
2322,TRUE
2867,FALSE
18725,FALSE
890,TRUE
744,TRUE
1355,TRUE
2194,FALSE
24277,FALSE
2281,FALSE
23384,FALSE
2675,TRUE
1773,TRUE
2286,TRUE
16402,TRUE
12331,TRUE
18972,FALSE
2090,FALSE
2077,FALSE
27,TRUE
21581,TRUE
1419,TRUE
21872,TRUE
1284,FALSE
11665,FALSE
16222,FALSE
1669,TRUE
9739,FALSE
11691,TRUE
20848,FALSE
3115,FALSE
13934,FALSE
1494,FALSE
10853,TRUE
1888,FALSE
1964,FALSE
19990,TRUE
17972,TRUE
16155,FALSE
1541,TRUE
948,TRUE
3032,TRUE
548,FALSE
19388,FALSE
23322,TRUE
21559,TRUE
2874,TRUE
639,FALSE
2162,FALSE
23877,FALSE
2432,TRUE
23337,FALSE
2080,TRUE
20706,FALSE
20035,FALSE
1168,TRUE
297,TRUE
1698,FALSE
14551,FALSE
18202,FALSE
12616,TRUE
12962,FALSE
3108,TRUE
2752,FALSE
2390,FALSE
2033,TRUE
14112,FALSE
24046,TRUE
10543,FALSE
16105,FALSE
540,FALSE
2144,FALSE
19854,FALSE
16160,FALSE
2726,FALSE
189,FALSE
633,TRUE
1780,TRUE
14344,FALSE
11845,TRUE
1548,FALSE
432,FALSE
17478,FALSE
972,FALSE
2785,FALSE
1787,TRUE
10295,FALSE
21697,TRUE
18694,FALSE
23724,TRUE
1665,FALSE
14664,FALSE
20052,FALSE
20251,TRUE
733,FALSE
22392,TRUE
13726,FALSE
2138,TRUE
19144,TRUE
13836,FALSE
552,TRUE
1991,FALSE
2502,FALSE
21380,TRUE
2041,FALSE
1197,FALSE
9824,FALSE
10051,TRUE
168,TRUE
19642,TRUE
22652,FALSE
1457,FALSE
23039,TRUE
1637,FALSE
2149,TRUE
17018,TRUE
11040,FALSE
11670,FALSE
23,FALSE
24148,TRUE
1415,TRUE
2966,TRUE
10465,FALSE
22286,FALSE
717,TRUE
2313,TRUE
21563,TRUE
2455,FALSE
598,FALSE
19776,FALSE
10820,FALSE
2451,TRUE
17476,FALSE
1460,TRUE
3076,FALSE
13485,FALSE
151,FALSE
1819,TRUE
2037,TRUE
3020,TRUE
946,FALSE
19534,FALSE
9942,FALSE
17057,TRUE
11648,FALSE
1896,FALSE
14240,FALSE
10662,FALSE
21801,FALSE
10894,FALSE
22594,TRUE
2930,FALSE
10089,FALSE
546,FALSE
13396,FALSE
1408,FALSE
853,TRUE
14782,FALSE
11388,FALSE
1356,FALSE
13701,FALSE
11520,FALSE
2877,FALSE
1692,TRUE
15929,TRUE
1013,FALSE
16371,FALSE
17252,FALSE
21571,FALSE
16615,FALSE
1849,TRUE
16192,TRUE
904,FALSE
20239,FALSE
11071,FALSE
2840,FALSE
1909,TRUE
3088,TRUE
10064,FALSE
828,TRUE
1863,TRUE
22277,FALSE
12180,TRUE
1978,TRUE
236,TRUE
19510,FALSE
1098,TRUE
2093,FALSE
2682,TRUE
2611,FALSE
1799,TRUE
1300,TRUE
19878,TRUE
867,FALSE
2909,FALSE
1088,FALSE
18667,FALSE
1953,FALSE
1798,FALSE
21054,FALSE
14626,TRUE
1708,FALSE
2637,TRUE
1750,FALSE
2462,FALSE
21949,TRUE
2868,FALSE
150,TRUE
10210,TRUE
20199,TRUE
21283,FALSE
2145,FALSE
2464,FALSE
1973,FALSE
22227,TRUE
11371,FALSE
2368,FALSE
2736,TRUE
14123,TRUE
246,FALSE
1173,FALSE
2723,TRUE
17304,NA
3013,FALSE
2237,TRUE
17008,FALSE
16569,FALSE
17284,FALSE
2602,FALSE
454,FALSE
955,FALSE
15023,FALSE
13807,TRUE
19446,FALSE
14321,FALSE
12121,TRUE
22595,FALSE
2140,TRUE
1215,FALSE
11707,FALSE
20729,FALSE
2922,TRUE
2240,FALSE
2218,FALSE
22680,FALSE
19571,FALSE
11485,FALSE
22290,FALSE
10674,FALSE
16247,FALSE
111,FALSE
1886,TRUE
12119,FALSE
12389,TRUE
16974,FALSE
2960,FALSE
18749,TRUE
19794,FALSE
279,FALSE
407,TRUE
442,TRUE
2778,TRUE
17442,FALSE
17511,FALSE
15716,FALSE
1554,FALSE
11781,FALSE
22705,TRUE
19417,FALSE
2203,TRUE
20519,FALSE
385,TRUE
16320,FALSE
20413,FALSE
1523,FALSE
422,TRUE
2011,FALSE
12272,TRUE
10096,TRUE
13602,FALSE
13610,TRUE
1519,FALSE
14856,FALSE
2223,FALSE
680,TRUE
18625,TRUE
13897,FALSE
11692,FALSE
2291,FALSE
17193,FALSE
1444,FALSE
10681,FALSE
1776,TRUE
18580,FALSE
22310,TRUE
12636,TRUE
17448,TRUE
18192,FALSE
1262,FALSE
2888,FALSE
2309,FALSE
15516,FALSE
502,FALSE
11996,FALSE
1807,FALSE
19344,TRUE
24100,FALSE
1110,FALSE
919,FALSE
20724,FALSE
14746,FALSE
2751,FALSE
18025,FALSE
2806,FALSE
13222,FALSE
22926,FALSE
16969,TRUE
10101,FALSE
873,FALSE
588,TRUE
2791,FALSE
1114,TRUE
1267,FALSE
11302,FALSE
2048,FALSE
2343,FALSE
573,FALSE
2397,FALSE
2303,TRUE
2132,FALSE
220,FALSE
21687,TRUE
15519,TRUE
14935,FALSE
13907,FALSE
300,FALSE
18940,FALSE
94,TRUE
927,FALSE
20964,FALSE
146,FALSE
11172,TRUE
10305,FALSE
1361,FALSE
2907,FALSE
1275,FALSE
23504,FALSE
12676,FALSE
15393,TRUE
10510,FALSE
2732,FALSE
2088,FALSE
21506,FALSE
13827,FALSE
1491,FALSE
16939,FALSE
586,TRUE
2314,FALSE
13854,TRUE
10321,TRUE
12367,TRUE
23330,TRUE
12766,FALSE
112,FALSE
20991,TRUE
2413,FALSE
21108,FALSE
12777,FALSE
16766,FALSE
9820,FALSE
18556,FALSE
2952,FALSE
1967,TRUE
1721,FALSE
2946,TRUE
616,FALSE
76,TRUE
2310,FALSE
3008,TRUE
1474,FALSE
2507,FALSE
142,TRUE
1565,FALSE
17228,FALSE
21526,FALSE
14651,TRUE
2026,FALSE
10364,TRUE
20024,TRUE
1855,FALSE
1018,FALSE
1383,FALSE
21926,FALSE
13293,FALSE
10494,FALSE
17132,TRUE
13611,FALSE
1515,TRUE
1323,FALSE
24002,FALSE
19786,TRUE
18500,FALSE
16988,FALSE
2334,FALSE
3126,FALSE
901,TRUE
21702,FALSE
19917,TRUE
3026,FALSE
2349,FALSE
19882,FALSE
1919,FALSE
1753,TRUE
570,FALSE
1035,FALSE
343,TRUE
23002,FALSE
448,FALSE
621,FALSE
1148,FALSE
3018,FALSE
1794,FALSE
278,TRUE
18574,NA
601,TRUE
12124,TRUE
22137,FALSE
19507,FALSE
350,TRUE
22999,FALSE
2002,FALSE
23573,TRUE
471,TRUE
1915,FALSE
529,FALSE
428,FALSE
1126,TRUE
17241,FALSE
182,TRUE
878,FALSE
17007,TRUE
2271,FALSE
18119,FALSE
784,TRUE
20189,FALSE
23709,FALSE
2049,FALSE
1795,FALSE
16172,TRUE
3007,FALSE
1123,TRUE
23075,FALSE
1938,FALSE
2355,FALSE
18078,TRUE
2780,TRUE
2731,TRUE
14729,FALSE
1505,FALSE
270,FALSE
20175,TRUE
15575,FALSE
11519,FALSE
12728,FALSE
18627,FALSE
1117,FALSE
13948,FALSE
21326,FALSE
1435,TRUE
11521,TRUE
3070,TRUE
1269,FALSE
14658,FALSE
20087,FALSE
16563,FALSE
1136,TRUE
2315,FALSE
1194,FALSE
1586,FALSE
1105,FALSE
834,FALSE
14385,TRUE
13457,TRUE
779,TRUE
14718,TRUE
1934,TRUE
22788,TRUE
1937,TRUE
11999,TRUE
2058,TRUE
69,FALSE
1237,TRUE
1026,TRUE
10435,TRUE
2748,FALSE
20571,FALSE
14785,FALSE
22860,FALSE
20135,FALSE
1496,FALSE
1386,FALSE
1990,FALSE
23849,FALSE
2327,TRUE
17732,FALSE
21568,FALSE
12325,FALSE
1555,TRUE
2361,FALSE
23170,TRUE
12477,FALSE
2994,TRUE
299,TRUE
10124,FALSE
2414,TRUE
19709,TRUE
16471,TRUE
13191,TRUE
1925,FALSE
2814,TRUE
2059,TRUE
21493,TRUE
248,FALSE
1401,TRUE
340,FALSE
173,FALSE
622,FALSE
1316,FALSE
19683,FALSE
741,FALSE
13749,TRUE
23413,TRUE
11413,TRUE
2976,TRUE
12066,FALSE
12303,FALSE
750,FALSE
2833,FALSE
10221,FALSE
382,FALSE
14969,TRUE
11862,TRUE
20572,FALSE
2120,FALSE
2560,TRUE
2512,FALSE
611,FALSE
19072,TRUE
14358,TRUE
23074,TRUE
18819,FALSE
1736,FALSE
23977,FALSE
14883,TRUE
12685,TRUE
23208,FALSE
14934,FALSE
22117,FALSE
1789,FALSE
21243,TRUE
15645,TRUE
357,FALSE
13768,FALSE
2437,FALSE
15163,FALSE
20152,TRUE
23614,FALSE
1478,FALSE
15076,FALSE
104,TRUE
12941,FALSE
14284,FALSE
17570,TRUE
16151,FALSE
2311,FALSE
18911,FALSE
2717,FALSE
2964,FALSE
18829,FALSE
3036,FALSE
2759,TRUE
2274,FALSE
20651,FALSE
2226,FALSE
2589,TRUE
1739,FALSE
2767,FALSE
11579,TRUE
9651,TRUE
15204,FALSE
1239,TRUE
22131,TRUE
3104,FALSE
16979,TRUE
19862,NA
12173,FALSE
15174,FALSE
9531,FALSE
16051,FALSE
18619,FALSE
22613,FALSE
2894,FALSE
1351,TRUE
9715,TRUE
326,FALSE
499,TRUE
20909,TRUE
237,FALSE
23099,FALSE
371,FALSE
15839,TRUE
17062,FALSE
17594,FALSE
1338,FALSE
1816,FALSE
12959,FALSE
22523,TRUE
2917,FALSE
12780,FALSE
11324,FALSE
16959,FALSE
15802,FALSE
9584,FALSE
11949,FALSE
1625,FALSE
22460,FALSE
1609,FALSE
604,FALSE
1442,TRUE
22940,TRUE
941,FALSE
1766,FALSE
1257,FALSE
13221,FALSE
2063,TRUE
1974,FALSE
9770,FALSE
1450,TRUE
1749,FALSE
1260,FALSE
1977,TRUE
22969,FALSE
2295,FALSE
17293,FALSE
2989,TRUE
23703,FALSE
22562,FALSE
975,FALSE
21822,FALSE
2347,FALSE
1536,FALSE
22139,FALSE
2466,TRUE
2435,FALSE
18217,FALSE
2440,TRUE
12460,TRUE
12662,FALSE
24009,TRUE
23233,FALSE
16518,FALSE
1464,NA
2830,FALSE
21709,TRUE
232,TRUE
16169,FALSE
15661,FALSE
21776,TRUE
23976,FALSE
13383,TRUE
21727,FALSE
24291,FALSE
1903,TRUE
20501,TRUE
16432,TRUE
18260,FALSE
1066,TRUE
1113,FALSE
18193,FALSE
1137,FALSE
14800,TRUE
2861,TRUE
21955,FALSE
16483,TRUE
960,TRUE
1631,TRUE
19599,FALSE
18817,FALSE
88,FALSE
11278,FALSE
126,FALSE
16162,TRUE
11863,FALSE
1298,FALSE
23913,FALSE
1532,FALSE
20654,FALSE
23585,FALSE
1291,FALSE
13287,TRUE
2949,FALSE
14657,FALSE
39,TRUE
1169,TRUE
17741,FALSE
12144,FALSE
1283,FALSE
23945,FALSE
3055,TRUE
555,FALSE
19245,TRUE
13779,FALSE
2121,FALSE
11385,FALSE
1846,TRUE
2953,FALSE
19965,FALSE
2520,TRUE
435,FALSE
21503,FALSE
16024,FALSE
23818,FALSE
956,FALSE
290,FALSE
667,FALSE
17379,TRUE
15027,FALSE
1409,FALSE
2545,FALSE
12023,FALSE
1374,TRUE
2487,TRUE
345,FALSE
131,TRUE
22701,TRUE
10769,FALSE
2141,FALSE
20399,FALSE
15078,FALSE
12987,TRUE
20578,FALSE
2710,FALSE
11617,FALSE
20531,FALSE
9585,FALSE
21021,TRUE
17255,FALSE
737,FALSE
277,FALSE
1337,FALSE
2631,FALSE
2125,FALSE
367,FALSE
11770,TRUE
1290,FALSE
1091,TRUE
19304,FALSE
1939,FALSE
12418,FALSE
18164,FALSE
21361,FALSE
856,TRUE
22337,FALSE
2987,FALSE
15046,FALSE
17701,TRUE
1059,FALSE
1960,TRUE
13377,TRUE
9856,FALSE
2639,FALSE
10887,TRUE
16088,TRUE
1391,TRUE
15107,FALSE
2562,FALSE
16401,FALSE
2519,TRUE
1268,FALSE
472,FALSE
18109,FALSE
3029,TRUE
1334,FALSE
10332,FALSE
839,FALSE
2758,FALSE
19705,FALSE
12764,TRUE
526,FALSE
23768,FALSE
11206,FALSE
20356,TRUE
21292,FALSE
22559,FALSE
2612,FALSE
13855,TRUE
1183,FALSE
2897,FALSE
1793,TRUE
2234,TRUE
2567,FALSE
2370,TRUE
826,FALSE
1177,FALSE
23857,FALSE
24036,FALSE
579,FALSE
155,TRUE
1146,FALSE
3021,FALSE
592,FALSE
56,FALSE
2522,FALSE
269,FALSE
16226,FALSE
15678,FALSE
13796,FALSE
12371,FALSE
21723,TRUE
2258,TRUE
1245,FALSE
16282,FALSE
1926,FALSE
15299,FALSE
2738,FALSE
2371,FALSE
3000,FALSE
324,FALSE
10685,TRUE
272,FALSE
520,FALSE
15087,FALSE
12174,TRUE
22806,FALSE
17103,TRUE
23121,TRUE
14253,FALSE
21862,FALSE
15761,TRUE
21813,FALSE
10387,FALSE
21285,FALSE
20522,TRUE
2999,FALSE
9969,TRUE
2904,FALSE
16359,FALSE
11769,FALSE
9910,FALSE
672,TRUE
2375,FALSE
1694,FALSE
13617,FALSE
14738,FALSE
1742,TRUE
20033,TRUE
12895,TRUE
1303,FALSE
19699,FALSE
17747,TRUE
15567,FALSE
17316,TRUE
2137,FALSE
787,FALSE
167,TRUE
12544,FALSE
14106,TRUE
2912,TRUE
23693,FALSE
179,FALSE
15636,FALSE
1913,TRUE
21191,FALSE
16647,FALSE
21624,FALSE
1353,FALSE
21484,FALSE
2424,TRUE
21695,FALSE
3074,FALSE
3119,FALSE
1068,FALSE
2812,FALSE
1522,FALSE
968,TRUE
11272,FALSE
1152,TRUE
2318,FALSE
16560,FALSE
23908,FALSE
2816,TRUE
12219,FALSE
1777,FALSE
16126,FALSE
9707,FALSE
16115,TRUE
19434,FALSE
1296,TRUE
681,TRUE
1712,FALSE
2720,FALSE
2703,FALSE
13709,TRUE
10871,FALSE
21616,FALSE
21092,FALSE
20873,FALSE
1404,FALSE
1683,FALSE
18796,FALSE
903,TRUE
10534,FALSE
519,NA
15425,FALSE
2328,FALSE
15448,FALSE
2533,FALSE
20206,FALSE
8,TRUE
2532,TRUE
18106,FALSE
2220,FALSE
2662,FALSE
17924,TRUE
12557,FALSE
872,FALSE
12029,FALSE
136,FALSE
10169,FALSE
15035,FALSE
2742,FALSE
20780,FALSE
21048,FALSE
2937,TRUE
19492,FALSE
22972,FALSE
1235,TRUE
1877,FALSE
12970,TRUE
13670,TRUE
18172,TRUE
16648,FALSE
17295,FALSE
16302,FALSE
860,FALSE
12917,FALSE
802,FALSE
22222,FALSE
2734,TRUE
1733,TRUE
24101,FALSE
2632,TRUE
24010,FALSE
18649,FALSE
980,FALSE
13700,TRUE
13338,FALSE
282,FALSE
1440,FALSE
15799,TRUE
2019,TRUE
1350,TRUE
2364,TRUE
21555,TRUE
2106,FALSE
18526,FALSE
2365,FALSE
12915,FALSE
14088,TRUE
2381,FALSE
12182,FALSE
1945,FALSE
15460,FALSE
1968,TRUE
2197,FALSE
714,FALSE
7,FALSE
727,TRUE
2342,TRUE
3080,FALSE
11465,FALSE
1080,FALSE
12359,FALSE
3010,FALSE
13820,FALSE
2108,FALSE
456,FALSE
2629,TRUE
14144,TRUE
2094,FALSE
1782,FALSE
1999,FALSE
2089,FALSE
648,FALSE
18402,FALSE
234,FALSE
18156,FALSE
23071,FALSE
10118,FALSE
16932,TRUE
792,FALSE
10669,FALSE
306,FALSE
869,FALSE
21231,FALSE
17487,FALSE
12761,TRUE
2201,FALSE
2638,TRUE
11953,FALSE
20492,FALSE
457,FALSE
10824,FALSE
202,FALSE
2768,TRUE
22304,FALSE
1390,FALSE
831,FALSE
22487,FALSE
16475,FALSE
14183,FALSE
2679,FALSE
1299,NA
1368,TRUE
22207,FALSE
15912,FALSE
3004,TRUE
20141,FALSE
1485,FALSE
954,FALSE
1561,FALSE
119,TRUE
838,FALSE
12993,FALSE
2340,TRUE
859,FALSE
12137,TRUE
1490,TRUE
999,TRUE
2772,FALSE
1706,TRUE
2222,TRUE
1607,TRUE
11038,FALSE
458,FALSE
1828,FALSE
245,TRUE
18958,FALSE
1147,FALSE
10800,TRUE
1741,FALSE
16054,FALSE
953,TRUE
687,FALSE
21151,FALSE
19503,TRUE
24022,TRUE
2990,FALSE
20351,FALSE
13330,TRUE
2133,FALSE
778,TRUE
22536,FALSE
319,FALSE
1344,FALSE
20645,TRUE
3003,TRUE
22818,TRUE
19316,FALSE
23120,FALSE
2013,FALSE
12,TRUE
15952,TRUE
2688,TRUE
15833,FALSE
13802,TRUE
13683,TRUE
21320,TRUE
15346,FALSE
1754,FALSE
24132,FALSE
1354,FALSE
17949,TRUE
1620,FALSE
651,FALSE
1786,FALSE
2012,TRUE
723,FALSE
571,FALSE
20104,FALSE
19451,FALSE
380,TRUE
2189,TRUE
11574,TRUE
20389,FALSE
10758,FALSE
2860,TRUE
13042,FALSE
2970,FALSE
13136,FALSE
2552,TRUE
15669,FALSE
22344,FALSE
15725,FALSE
21194,TRUE
13280,FALSE
541,FALSE
17515,FALSE
17011,TRUE
11220,FALSE
148,FALSE
12114,FALSE
23181,FALSE
16731,TRUE
21228,TRUE
2489,TRUE
14517,FALSE
2572,FALSE
15440,TRUE
2828,FALSE
21456,FALSE
16718,TRUE
23732,TRUE
934,FALSE
1216,FALSE
23116,FALSE
14021,TRUE
19386,FALSE
3089,FALSE
2098,FALSE
2092,FALSE
2619,FALSE
20117,TRUE
2794,FALSE
11077,TRUE
17496,FALSE
1191,TRUE
2165,FALSE
20744,FALSE
1743,TRUE
2188,TRUE
1394,TRUE
1540,FALSE
23838,TRUE
20059,FALSE
11408,FALSE
12220,TRUE
504,FALSE
15036,FALSE
22991,TRUE
417,FALSE
1204,TRUE
1250,TRUE
825,FALSE
19297,FALSE
11135,TRUE
10166,TRUE
17308,TRUE
1731,FALSE
2808,TRUE
23338,FALSE
2479,TRUE
21022,FALSE
17682,FALSE
22293,FALSE
161,FALSE
16189,TRUE
12576,FALSE
684,FALSE
17348,TRUE
12555,FALSE
15504,TRUE
30,FALSE
2880,FALSE
13482,TRUE
143,FALSE
2366,FALSE
704,TRUE
22858,TRUE
14527,FALSE
1957,FALSE
2408,TRUE
763,FALSE
1811,TRUE
152,FALSE
20296,TRUE
12317,TRUE
1644,FALSE
266,FALSE
14866,TRUE
11663,FALSE
2024,FALSE
21075,FALSE
1472,TRUE
22069,TRUE
2183,FALSE
15808,FALSE
22412,FALSE
568,FALSE
21333,FALSE
3106,TRUE
2242,FALSE
329,TRUE
21535,TRUE
352,TRUE
11166,TRUE
11042,FALSE
11970,FALSE
23665,TRUE
15925,FALSE
2954,TRUE
21726,TRUE
1103,TRUE
1251,TRUE
23122,TRUE
1178,TRUE
607,TRUE
2887,FALSE
15157,FALSE
2597,FALSE
2969,FALSE
18780,FALSE
222,FALSE
16328,TRUE
12071,FALSE
2177,FALSE
13276,TRUE
694,TRUE
11274,FALSE
950,FALSE
2991,FALSE
1036,TRUE
21735,FALSE
13671,TRUE
71,TRUE
13615,FALSE
2129,TRUE
731,FALSE
2168,FALSE
9783,TRUE
3100,FALSE
1716,FALSE
14991,FALSE
1546,TRUE
1981,TRUE
21779,TRUE
13223,TRUE
461,FALSE
10812,TRUE
2654,TRUE
271,FALSE
1859,TRUE
23108,FALSE
1574,TRUE
12383,FALSE
11710,FALSE
9891,FALSE
2463,FALSE
857,FALSE
21494,FALSE
961,FALSE
769,TRUE
12861,FALSE
16614,TRUE
14869,TRUE
2367,FALSE
17409,TRUE
295,FALSE
2893,TRUE
844,FALSE
2104,FALSE
13106,TRUE
1055,FALSE
53,FALSE
2212,TRUE
22737,FALSE
1748,TRUE
21467,TRUE
22000,FALSE
11476,TRUE
23306,FALSE
2655,FALSE
887,TRUE
403,FALSE
13000,TRUE
13317,FALSE
689,TRUE
2460,FALSE
641,FALSE
19150,FALSE
23955,FALSE
700,FALSE
13444,FALSE
16526,FALSE
24120,FALSE
1106,FALSE
930,FALSE
23995,FALSE
1630,FALSE
2978,FALSE
21842,FALSE
18389,TRUE
11753,FALSE
2580,FALSE
15951,FALSE
23612,FALSE
430,FALSE
2646,TRUE
18324,FALSE
21067,FALSE
11744,FALSE
23953,FALSE
1963,FALSE
1129,FALSE
12336,TRUE
13875,FALSE
2018,FALSE
951,FALSE
18081,FALSE
20670,TRUE
20054,TRUE
15275,FALSE
19431,FALSE
14434,FALSE
2796,FALSE
13780,FALSE
21433,TRUE
24231,FALSE
17626,FALSE
1134,FALSE
21357,FALSE
134,FALSE
24313,FALSE
1539,FALSE
23478,FALSE
14532,FALSE
1801,FALSE
22738,TRUE
2126,TRUE
11909,FALSE
1823,FALSE
10530,TRUE
9791,FALSE
9962,TRUE
20880,TRUE
10313,FALSE
434,FALSE
21890,FALSE
24062,FALSE
257,FALSE
20040,FALSE
116,FALSE
1713,FALSE
658,FALSE
21216,TRUE
18830,FALSE
14479,TRUE
174,FALSE
1544,TRUE
1228,TRUE
11873,FALSE
2372,FALSE
19536,FALSE
10172,TRUE
22486,FALSE
16181,FALSE
14221,TRUE
3084,TRUE
2490,FALSE
15831,FALSE
19318,TRUE
24045,FALSE
1911,FALSE
1560,TRUE
747,FALSE
17330,TRUE
46,TRUE
467,FALSE
19690,FALSE
209,FALSE
1122,FALSE
16403,FALSE
524,FALSE
1094,FALSE
23592,FALSE
693,FALSE
881,FALSE
12453,FALSE
17391,FALSE
17072,TRUE
609,TRUE
20088,FALSE
2947,FALSE
1791,TRUE
2941,FALSE
671,FALSE
9545,TRUE
21038,TRUE
12403,TRUE
15047,FALSE
10199,FALSE
797,FALSE
2649,TRUE
1484,TRUE
17477,FALSE
45,FALSE
842,TRUE
1336,TRUE
13028,FALSE
14308,FALSE
1149,FALSE
22947,FALSE
13510,FALSE
2510,TRUE
1610,FALSE
21906,FALSE
2170,TRUE
21245,TRUE
2624,FALSE
25,TRUE
2924,TRUE
11504,FALSE
10746,FALSE
882,TRUE
2836,FALSE
15759,TRUE
41,TRUE
15914,FALSE
20935,TRUE
207,FALSE
2879,FALSE
18658,TRUE
848,FALSE
15503,FALSE
21488,TRUE
1206,FALSE
1475,FALSE
2208,FALSE
21542,FALSE
23362,FALSE
516,TRUE
2951,FALSE
10587,TRUE
11880,TRUE
23260,TRUE
1410,FALSE
2823,FALSE
1327,TRUE
9970,TRUE
21621,FALSE
2444,FALSE
17582,FALSE
19114,FALSE
12261,FALSE
17373,FALSE
1686,TRUE
17843,FALSE
12925,FALSE
18168,FALSE
16102,TRUE
24011,FALSE
2449,FALSE
23619,TRUE
11618,TRUE
9928,TRUE
9816,TRUE
1201,TRUE
9875,FALSE
23706,FALSE
2865,FALSE
1580,FALSE
2112,FALSE
2622,FALSE
169,FALSE
10255,FALSE
14511,FALSE
20581,FALSE
20420,FALSE
20440,FALSE
387,FALSE
23144,TRUE
20547,TRUE
16260,FALSE
9870,FALSE
1170,TRUE
10541,TRUE
163,FALSE
20888,TRUE
10595,FALSE
14402,FALSE
170,TRUE
240,FALSE
11613,FALSE
74,TRUE
2174,FALSE
807,FALSE
23923,FALSE
14487,FALSE
1318,FALSE
21230,NA
23148,FALSE
13769,TRUE
17353,FALSE
10754,TRUE
49,FALSE
2815,FALSE
19454,TRUE
9787,FALSE
11891,FALSE
3061,FALSE
3081,FALSE
1085,TRUE
2009,FALSE
11923,FALSE
1297,FALSE
2060,FALSE
500,TRUE
2495,FALSE
17539,TRUE
2962,TRUE
939,TRUE
227,FALSE
988,FALSE
2187,FALSE
21746,FALSE
2855,FALSE
15096,TRUE
10300,FALSE
10767,FALSE
20279,NA
922,NA
786,NA
18782,NA
19048,NA
13410,NA
2793,FALSE
2081,NA
18012,NA
11500,NA
1822,NA
1722,NA
15138,NA
15869,NA
1508,NA
20830,NA
1737,TRUE
12059,NA
11379,TRUE
11698,FALSE
18270,NA
1034,NA
1285,NA
2119,NA
1629,NA
20,NA
12493,NA
2931,NA
1635,NA
22018,NA
759,NA
584,NA
16934,NA
15307,NA
19137,NA
302,NA
21083,NA
755,NA
974,NA
450,NA
17146,NA
17035,NA
24206,NA
309,NA
1358,NA
20602,NA
1289,NA
394,NA
1001,NA
14036,TRUE
1649,NA
10576,NA
2419,FALSE
17390,NA
17121,NA
1028,NA
18629,NA
2005,NA
2942,NA
10292,NA
11877,NA
19545,NA
12230,NA
12157,FALSE
424,NA
15905,NA
20390,NA
22104,NA
16202,NA
1770,NA
21561,NA
10557,NA
13560,NA
1869,NA
22675,NA
525,NA
11120,NA
38,NA
13149,NA
1729,NA
312,NA
22642,NA
16936,NA
3051,FALSE
453,NA
13094,NA
1876,NA
10629,NA
2035,NA
20073,NA
24198,NA
1848,NA
1461,NA
2967,FALSE
1244,NA
2506,NA
2805,NA
17642,NA
2428,NA
1288,NA
2382,NA
813,NA
1312,NA
9580,NA
18971,NA
2196,NA
2671,FALSE
15734,NA
1069,NA
12596,NA
14704,NA
10693,NA
1402,NA
244,NA
17112,NA
102,NA
22532,NA
14830,NA
583,NA
14500,NA
196,NA
724,NA
322,NA
20665,NA
553,NA
264,TRUE
2902,NA
140,NA
2669,NA
16123,NA
2023,NA
18087,NA
12823,NA
24208,NA
315,NA
19130,NA
653,NA
2557,NA
559,NA
15765,NA
921,NA
2523,NA
11121,NA
2494,NA
10734,NA
9871,NA
19509,NA
1007,NA
16462,TRUE
2568,NA
2694,NA
841,NA
23660,NA
10055,NA
14849,NA
1658,NA
1163,NA
1208,NA
35,FALSE
2906,FALSE
10821,NA
23509,NA
386,NA
1851,NA
962,NA
1762,NA
141,NA
13249,NA
17974,NA
